Tank_ID,date,AM_PM,temp_C,DO_perc,DO_mgL
1,3/5/2022,PM,16.9,117,11.33
2,3/5/2022,PM,16.8,120.6,11.78
3,3/5/2022,PM,16.7,112.5,10.96
4,3/5/2022,PM,16.6,112.9,10.99
5,3/5/2022,PM,16.7,133.9,12.1
6,3/5/2022,PM,16.5,112.4,10.77
7,3/5/2022,PM,16.4,119.9,11.78
8,3/5/2022,PM,16.2,120.3,11.82
9,3/5/2022,PM,16.2,119,11.73
10,3/5/2022,PM,16.1,117.5,11.51
11,3/5/2022,PM,16.3,119.7,11.74
12,3/5/2022,PM,16.3,117.7,11.52
13,3/5/2022,PM,16.1,112.8,11.07
14,3/5/2022,PM,16.1,117.9,11.67
15,3/5/2022,PM,16.1,113.7,12.05
16,3/5/2022,PM,16.3,124.3,12.16
17,3/5/2022,PM,16.3,126,12.37
18,3/5/2022,PM,16.1,119.7,11.8
19,3/5/2022,PM,16.2,122.6,12.06
20,3/5/2022,PM,16.3,118.3,11.6
21,3/5/2022,PM,16.3,113.6,11.1
22,3/5/2022,PM,16.1,110.6,10.87
23,3/5/2022,PM,16.2,114.2,11.12
24,3/5/2022,PM,16.1,109.6,10.73
25,3/5/2022,PM,16.2,125.5,12.45
26,3/5/2022,PM,16.6,112.1,10.91
27,3/5/2022,PM,16.6,119.1,11.65
28,3/5/2022,PM,16.6,108.5,10.55
29,3/5/2022,PM,16.6,123.7,12.07
30,3/5/2022,PM,16.5,115,11.17
1,3/6/2023,AM,11.3,102,11.12
2,3/6/2023,AM,11.3,102.7,11.2
3,3/6/2023,AM,11.3,95,10.35
4,3/6/2023,AM,11.2,91.9,10.09
5,3/6/2023,AM,11.1,110.7,12.16
6,3/6/2023,AM,11.2,93.6,10.22
7,3/6/2023,AM,11.4,100.4,10.47
8,3/6/2023,AM,11.3,100,10.91
9,3/6/2023,AM,11.4,99.3,10.82
10,3/6/2023,AM,11.2,96.1,10.53
11,3/6/2023,AM,11.2,100.5,11.05
12,3/6/2023,AM,11.4,98.6,10.73
13,3/6/2023,AM,11.4,96.1,10.47
14,3/6/2023,AM,11.4,99.5,10.89
15,3/6/2023,AM,11.1,102.2,11.23
16,3/6/2023,AM,11.3,103.8,11.38
17,3/6/2023,AM,11.4,105.4,11.52
18,3/6/2023,AM,11.4,101,10.49
19,3/6/2023,AM,11.4,101.4,11.05
20,3/6/2023,AM,11.3,98,10.68
21,3/6/2023,AM,11.1,94,10.33
22,3/6/2023,AM,11.2,92.3,10.12
23,3/6/2023,AM,11.4,96.1,10.5
24,3/6/2023,AM,11.2,94,10.27
25,3/6/2023,AM,11.2,103.1,11.32
26,3/6/2023,AM,10.9,93.8,10.33
27,3/6/2023,AM,11.1,98.9,10.88
28,3/6/2023,AM,11.2,86.8,9.49
29,3/6/2023,AM,11.2,99.9,11.04
30,3/6/2023,AM,11,95.3,10.44
1,3/6/2023,PM,17.2,117.6,11.3
2,3/6/2023,PM,17.1,125.1,12
3,3/6/2023,PM,17,112.2,10.85
4,3/6/2023,PM,17,113,10.88
5,3/6/2023,PM,17,138.4,13.7
6,3/6/2023,PM,16.9,110.6,10.7
7,3/6/2023,PM,16.8,120.7,11.72
8,3/6/2023,PM,16.7,122,11.82
9,3/6/2023,PM,16.8,120.9,11.72
10,3/6/2023,PM,16.8,119.6,11.57
11,3/6/2023,PM,16.8,120.9,11.76
12,3/6/2023,PM,16.9,119.2,11.53
13,3/6/2023,PM,16.7,114.2,11.1
14,3/6/2023,PM,16.7,117.9,11.57
15,3/6/2023,PM,16.7,125,12.07
16,3/6/2023,PM,16.9,125.5,12.21
17,3/6/2023,PM,16.8,128.2,12.49
18,3/6/2023,PM,16.6,122.4,11.9
19,3/6/2023,PM,16.7,125,12.13
20,3/6/2023,PM,16.9,119.8,11.57
21,3/6/2023,PM,16.8,114.9,11.13
22,3/6/2023,PM,16.6,114.2,11.09
23,3/6/2023,PM,16.7,115.9,11.21
24,3/6/2023,PM,16.7,111.1,10.76
25,3/6/2023,PM,16.8,128.7,12.47
26,3/6/2023,PM,17.3,113.6,10.92
27,3/6/2023,PM,17.4,121.6,11.65
28,3/6/2023,PM,17.3,110,10.53
29,3/6/2023,PM,17.3,126.1,12.09
30,3/6/2023,PM,17.4,116.1,11.09
1,3/7/2023,AM,12.4,108.1,11.4
2,3/7/2023,AM,12.3,107.2,11.43
3,3/7/2023,AM,12.4,96.7,10.3
4,3/7/2023,AM,12.3,95.1,10.15
5,3/7/2023,AM,12.2,113.9,12.22
6,3/7/2023,AM,12.4,95.6,10.17
7,3/7/2023,AM,12.5,102,10.85
8,3/7/2023,AM,12.4,101.1,10.75
9,3/7/2023,AM,12.5,101,10.72
10,3/7/2023,AM,12.4,97.7,10.41
11,3/7/2023,AM,12.4,103.5,11.05
12,3/7/2023,AM,12.6,99.5,10.54
13,3/7/2023,AM,12.5,97.6,10.37
14,3/7/2023,AM,12.5,101.9,10.83
15,3/7/2023,AM,12.4,104.8,11.18
16,3/7/2023,AM,12.4,106.7,11.37
17,3/7/2023,AM,12.6,107.9,11.49
18,3/7/2023,AM,12.6,102.5,10.89
19,3/7/2023,AM,12.5,102.5,10.9
20,3/7/2023,AM,12.5,98.6,10.47
21,3/7/2023,AM,12.3,95.8,10.25
22,3/7/2023,AM,12.4,95.1,10.16
23,3/7/2023,AM,12.6,98.1,10.43
24,3/7/2023,AM,12.4,96.4,10.25
25,3/7/2023,AM,12.5,105.9,11.29
26,3/7/2023,AM,12.3,96.2,10.25
27,3/7/2023,AM,12.5,101.5,10.81
28,3/7/2023,AM,12.5,88.3,9.37
29,3/7/2023,AM,12.6,104.9,11.16
30,3/7/2023,AM,12.4,96.8,10.31
1,3/7/2023,PM,18.1,119.1,11.24
2,3/7/2023,PM,18.2,127.7,12.05
3,3/7/2023,PM,18.3,115,10.77
4,3/7/2023,PM,18.5,115.5,10.81
5,3/7/2023,PM,18.2,140.4,13.27
6,3/7/2023,PM,17.7,111.6,10.62
7,3/7/2023,PM,17.6,122.4,11.64
8,3/7/2023,PM,17.8,121.5,11.59
9,3/7/2023,PM,17.6,121.4,11.51
10,3/7/2023,PM,17.5,118.5,11.29
11,3/7/2023,PM,17.5,123,11.77
12,3/7/2023,PM,17.5,117.6,11.21
13,3/7/2023,PM,17.5,115.9,11.08
14,3/7/2023,PM,17.5,121.4,11.63
15,3/7/2023,PM,17.6,126.5,12.09
16,3/7/2023,PM,17.6,127.5,12.16
17,3/7/2023,PM,17.6,128.2,12.21
18,3/7/2023,PM,17.6,123,11.72
19,3/7/2023,PM,17.7,124.4,11.83
20,3/7/2023,PM,18,120.2,11.33
21,3/7/2023,PM,17.6,114.5,10.92
22,3/7/2023,PM,17.5,115.8,11.05
23,3/7/2023,PM,17.6,117.2,11.17
24,3/7/2023,PM,17.6,112.8,10.73
25,3/7/2023,PM,17.7,132.5,12.63
26,3/7/2023,PM,18,115.5,10.89
27,3/7/2023,PM,18,121.7,11.51
28,3/7/2023,PM,18,108.5,10.24
29,3/7/2023,PM,18.2,126.9,12.02
30,3/7/2023,PM,18.2,117.5,11.04
1,3/8/2023,AM,10.8,99.2,10.98
2,3/8/2023,AM,10.9,101.5,11.2
3,3/8/2023,AM,11.1,90.5,9.93
4,3/8/2023,AM,11.2,89.1,9.74
5,3/8/2023,AM,11,108.9,12.04
6,3/8/2023,AM,10.7,90.2,9.98
7,3/8/2023,AM,11.1,97.1,10.68
8,3/8/2023,AM,11.1,96.7,10.63
9,3/8/2023,AM,11.3,96.3,10.52
10,3/8/2023,AM,11.1,92.2,10.14
11,3/8/2023,AM,10.7,99.5,11.03
12,3/8/2023,AM,11.2,95.2,10.42
13,3/8/2023,AM,11.1,93.8,10.29
14,3/8/2023,AM,11.2,98.6,10.82
15,3/8/2023,AM,11,100.8,11.11
16,3/8/2023,AM,10.9,102.5,11.31
17,3/8/2023,AM,11.1,103.5,11.38
18,3/8/2023,AM,11.2,98.7,10.81
19,3/8/2023,AM,11.2,97.7,10.68
20,3/8/2023,AM,11.1,94.6,10.38
21,3/8/2023,AM,10.7,91.4,10.12
22,3/8/2023,AM,10.8,91,10.04
23,3/8/2023,AM,11.2,93.7,10.29
24,3/8/2023,AM,11,92.9,10.22
25,3/8/2023,AM,11,103.4,11.38
26,3/8/2023,AM,10.4,92.2,10.26
27,3/8/2023,AM,10.6,95.9,10.66
28,3/8/2023,AM,10.9,83.2,9.17
29,3/8/2023,AM,11,100.6,11.11
30,3/8/2023,AM,10.8,93.4,10.31
1,3/8/2023,PM,17.7,115,10.89
2,3/8/2023,PM,17.7,122.9,11.68
3,3/8/2023,PM,17.8,110.7,10.47
4,3/8/2023,PM,18,109.4,10.52
5,3/8/2023,PM,18.1,136.7,13.42
6,3/8/2023,PM,17.2,106.2,10.28
7,3/8/2023,PM,17.1,111.1,11.17
8,3/8/2023,PM,17,118,11.33
9,3/8/2023,PM,17.2,114.3,11.17
10,3/8/2023,PM,17,113.3,10.94
11,3/8/2023,PM,16.9,117.2,11.35
12,3/8/2023,PM,16.9,112.7,10.88
13,3/8/2023,PM,16.9,112.6,10.86
14,3/8/2023,PM,16.9,117.5,11.39
15,3/8/2023,PM,16.9,120.3,11.64
16,3/8/2023,PM,17.1,122.5,11.77
17,3/8/2023,PM,17.1,123.9,11.91
18,3/8/2023,PM,17,118.8,11.45
19,3/8/2023,PM,17.1,120.1,11.54
20,3/8/2023,PM,17.3,114.3,10.95
21,3/8/2023,PM,17,109.9,10.71
22,3/8/2023,PM,16.9,110.6,10.66
23,3/8/2023,PM,17.1,112.2,10.81
24,3/8/2023,PM,17,109.6,10.56
25,3/8/2023,PM,17,128.2,12.41
26,3/8/2023,PM,17.1,106.5,10.31
27,3/8/2023,PM,17.4,115.6,11.09
28,3/8/2023,PM,17.5,103.2,9.84
29,3/8/2023,PM,17.5,122.4,11.7
30,3/8/2023,PM,17.5,112.6,10.7
1,3/12/2023,AM,15.7,100.5,9.95
2,3/12/2023,AM,15.8,108.2,10.73
3,3/12/2023,AM,15.8,96.9,9.63
4,3/12/2023,AM,15.7,94.8,9.44
5,3/12/2023,AM,15.7,111.3,11.05
6,3/12/2023,AM,15.7,99.3,9.83
7,3/12/2023,AM,15.7,104.5,10.38
8,3/12/2023,AM,15.6,106.5,10.6
9,3/12/2023,AM,15.7,102.2,10.13
10,3/12/2023,AM,15.6,89.4,8.93
11,3/12/2023,AM,15.7,108.9,10.82
12,3/12/2023,AM,15.7,98.1,9.71
13,3/12/2023,AM,15.7,100.9,10.02
14,3/12/2023,AM,15.7,107,10.62
15,3/12/2023,AM,15.6,109.2,10.85
16,3/12/2023,AM,15.7,115.8,11.5
17,3/12/2023,AM,15.7,111.4,11.02
18,3/12/2023,AM,15.7,107.7,10.69
19,3/12/2023,AM,15.7,104.6,10.34
20,3/12/2023,AM,15.7,98.7,9.79
21,3/12/2023,AM,15.7,98.2,9.75
22,3/12/2023,AM,15.7,98.6,9.78
23,3/12/2023,AM,15.7,101.6,10.08
24,3/12/2023,AM,15.7,102.1,10.15
25,3/12/2023,AM,15.8,111.4,11.06
26,3/12/2023,AM,15.6,102.2,10.11
27,3/12/2023,AM,15.7,102.5,10.18
28,3/12/2023,AM,15.8,83.2,8.2
29,3/12/2023,AM,15.8,104.1,10.32
30,3/12/2023,AM,15.8,102.2,10.1
1,3/12/2023,PM,19.2,115.2,10.59
2,3/12/2023,PM,19.2,125.6,11.63
3,3/12/2023,PM,19.1,111.8,10.33
4,3/12/2023,PM,19.1,112.5,10.39
5,3/12/2023,PM,19.1,132.2,12.35
6,3/12/2023,PM,18.9,108.5,10.2
7,3/12/2023,PM,18.7,116.3,10.83
8,3/12/2023,PM,18.6,120.7,11.23
9,3/12/2023,PM,18.6,118.4,10.79
10,3/12/2023,PM,18.5,104,9.69
11,3/12/2023,PM,18.8,118.4,11.09
12,3/12/2023,PM,18.7,110.7,10.38
13,3/12/2023,PM,18.5,111.8,10.88
14,3/12/2023,PM,18.6,121,11.34
15,3/12/2023,PM,18.6,127.1,11.74
16,3/12/2023,PM,18.7,130.5,12.16
17,3/12/2023,PM,18.7,123.6,11.49
18,3/12/2023,PM,18.5,122.1,11.3
19,3/12/2023,PM,18.6,121.4,11.35
20,3/12/2023,PM,18.5,111.9,10.42
21,3/12/2023,PM,18.7,108.1,10.35
22,3/12/2023,PM,18.5,112.8,10.53
23,3/12/2023,PM,18.6,113.6,10.51
24,3/12/2023,PM,18.5,114.5,10.72
25,3/12/2023,PM,18.6,127,11.7
26,3/12/2023,PM,18.7,108.3,10.1
27,3/12/2023,PM,18.8,116,10.21
28,3/12/2023,PM,18.9,98.6,9
29,3/12/2023,PM,18.8,118.8,10.52
30,3/12/2023,PM,18.8,118.1,10.81
1,3/13/2023,AM,15.7,97.7,9.61
2,3/13/2023,AM,15.7,107,10.57
3,3/13/2023,AM,15.7,94,9.3
4,3/13/2023,AM,15.7,94.6,9.37
5,3/13/2023,AM,15.6,109.3,10.83
6,3/13/2023,AM,15.7,94.6,9.35
7,3/13/2023,AM,15.7,100.5,9.98
8,3/13/2023,AM,15.6,103.1,10.24
9,3/13/2023,AM,15.7,90.9,9.81
10,3/13/2023,AM,15.5,83.6,8.33
11,3/13/2023,AM,15.6,105.7,10.45
12,3/13/2023,AM,15.7,94,9.34
13,3/13/2023,AM,15.6,89.9,9.8
14,3/13/2023,AM,15.6,99,9.82
15,3/13/2023,AM,15.5,105,10.44
16,3/13/2023,AM,15.7,114.5,11.37
17,3/13/2023,AM,15.7,107,10.61
18,3/13/2023,AM,15.7,104.8,10.37
19,3/13/2023,AM,15.7,102.9,10.22
20,3/13/2023,AM,15.6,95.3,9.46
21,3/13/2023,AM,15.6,95.9,9.4
22,3/13/2023,AM,15.6,95.9,9.46
23,3/13/2023,AM,15.7,98.9,9.82
24,3/13/2023,AM,15.6,100.2,9.83
25,3/13/2023,AM,15.6,108.9,10.83
26,3/13/2023,AM,15.5,98.2,9.7
27,3/13/2023,AM,15.6,99.5,9.86
28,3/13/2023,AM,15.7,78.2,7.71
29,3/13/2023,AM,15.6,102.7,10.21
30,3/13/2023,AM,15.6,99.6,9.88
1,3/13/2023,PM,20.9,107.5,9.64
2,3/13/2023,PM,20.8,122.2,10.88
3,3/13/2023,PM,20.8,109.1,9.86
4,3/13/2023,PM,20.7,107.6,9.76
5,3/13/2023,PM,20.7,133.5,11.93
6,3/13/2023,PM,20.3,110.1,10.06
7,3/13/2023,PM,20.1,119.2,10.83
8,3/13/2023,PM,19.8,120.9,11.03
9,3/13/2023,PM,19.9,117.4,10.65
10,3/13/2023,PM,19.7,101.8,9.3
11,3/13/2023,PM,20,123.8,11.25
12,3/13/2023,PM,19.9,111.4,10.15
13,3/13/2023,PM,19.8,114.44,10.44
14,3/13/2023,PM,19.7,123.2,11.26
15,3/13/2023,PM,19.7,130.8,12.03
16,3/13/2023,PM,20.1,138.1,12.55
17,3/13/2023,PM,20,123.2,11.21
18,3/13/2023,PM,19.8,126.2,11.47
19,3/13/2023,PM,19.9,126.1,11.49
20,3/13/2023,PM,19.9,113.5,10.34
21,3/13/2023,PM,20,114.1,10.33
22,3/13/2023,PM,19.7,116.5,10.6
23,3/13/2023,PM,19.9,118,10.74
24,3/13/2023,PM,19.8,118.2,10.79
25,3/13/2023,PM,19.8,134.2,12.25
26,3/13/2023,PM,20.1,117.1,10.61
27,3/13/2023,PM,20,117.9,10.73
28,3/13/2023,PM,20.1,93.5,8.53
29,3/13/2023,PM,20.1,122.2,11.09
30,3/13/2023,PM,19.9,118.6,10.77
1,3/14/2023,AM,15.6,96.3,9.59
2,3/14/2023,AM,15.5,104.9,10.44
3,3/14/2023,AM,15.5,89.8,8.94
4,3/14/2023,AM,15.4,89.9,9.02
5,3/14/2023,AM,15.5,105.1,10.43
6,3/14/2023,AM,15.4,94.3,9.39
7,3/14/2023,AM,15.5,98.4,9.81
8,3/14/2023,AM,15.4,98.5,9.82
9,3/14/2023,AM,15.5,94.9,9.47
10,3/14/2023,AM,15.4,80.8,8.11
11,3/14/2023,AM,15.4,103.3,10.32
12,3/14/2023,AM,15.5,90.9,9.02
13,3/14/2023,AM,15.4,95.1,9.49
14,3/14/2023,AM,15.5,100.9,10.05
15,3/14/2023,AM,15.2,103.5,10.35
16,3/14/2023,AM,15.4,109.1,10.93
17,3/14/2023,AM,15.5,102,10.14
18,3/14/2023,AM,15.6,101.9,10.09
19,3/14/2023,AM,15.5,98.5,9.81
20,3/14/2023,AM,15.4,91.3,9.11
21,3/14/2023,AM,15.3,90.5,9.09
22,3/14/2023,AM,15.4,89.7,8.94
23,3/14/2023,AM,15.6,94.7,9.4
24,3/14/2023,AM,15.4,98.1,9.75
25,3/14/2023,AM,10.4,105,10.47
26,3/14/2023,AM,15.2,94,9.44
27,3/14/2023,AM,15.2,94.7,9.47
28,3/14/2023,AM,15.4,71.6,7.22
29,3/14/2023,AM,15.4,99.4,9.91
30,3/14/2023,AM,15.2,95.8,9.59
1,3/14/2023,PM,18.4,109.1,10.22
2,3/14/2023,PM,18.4,123.5,11.58
3,3/14/2023,PM,18.4,105.5,9.82
4,3/14/2023,PM,18.3,109.5,10.28
5,3/14/2023,PM,18.3,124.8,11.81
6,3/14/2023,PM,18.3,110.8,10.41
7,3/14/2023,PM,18.1,116,10.89
8,3/14/2023,PM,18.1,113.6,10.69
9,3/14/2023,PM,18,110.2,10.5
10,3/14/2023,PM,17.9,99.4,9.4
11,3/14/2023,PM,18,123.7,11.66
12,3/14/2023,PM,18.1,107.2,10.09
13,3/14/2023,PM,18,111.4,10.48
14,3/14/2023,PM,18,118.7,11.23
15,3/14/2023,PM,17.9,125.1,11.96
16,3/14/2023,PM,18.1,136.9,12.82
17,3/14/2023,PM,18.1,118,11.13
18,3/14/2023,PM,18,120.1,11.37
19,3/14/2023,PM,18,120.8,11.4
20,3/14/2023,PM,18,108.5,10.23
21,3/14/2023,PM,18.1,108.9,10.24
22,3/14/2023,PM,17.9,111.4,10.53
23,3/14/2023,PM,18,112.5,10.66
24,3/14/2023,PM,17.9,116,10.99
25,3/14/2023,PM,18,128.2,12.12
26,3/14/2023,PM,18.1,111,10.45
27,3/14/2023,PM,18,114,10.73
28,3/14/2023,PM,18.3,91.2,8.56
29,3/14/2023,PM,18.2,117.5,10.99
30,3/14/2023,PM,18.2,114.2,10.73
1,3/22/2023,AM,12,89.5,9.38
2,3/22/2023,AM,12,92.7,9.96
3,3/22/2023,AM,12,81.7,8.79
4,3/22/2023,AM,11.9,89.1,9.6
5,3/22/2023,AM,11.9,94.5,10.2
6,3/22/2023,AM,12,90.3,9.71
7,3/22/2023,AM,12.1,90.6,9.74
8,3/22/2023,AM,12,87.5,9.43
9,3/22/2023,AM,12,87.7,9.42
10,3/22/2023,AM,11.9,79.6,8.58
11,3/22/2023,AM,12,91.2,9.85
12,3/22/2023,AM,12.1,85.5,9.17
13,3/22/2023,AM,12.1,91.9,9.87
14,3/22/2023,AM,12.1,89.7,9.63
15,3/22/2023,AM,11.9,92.1,9.92
16,3/22/2023,AM,12,93.2,10.04
17,3/22/2023,AM,12,95,10.2
18,3/22/2023,AM,12.1,90.8,9.77
19,3/22/2023,AM,12.1,95.7,10.27
20,3/22/2023,AM,12.1,90.4,9.71
21,3/22/2023,AM,11.9,89.4,9.64
22,3/22/2023,AM,12,88.3,9.5
23,3/22/2023,AM,12.1,92.7,9.93
24,3/22/2023,AM,12,93.5,10.06
25,3/22/2023,AM,12.1,93,9.99
26,3/22/2023,AM,11.9,87.3,9.42
27,3/22/2023,AM,12,91.3,9.83
28,3/22/2023,AM,12,81.1,8.74
29,3/22/2023,AM,12,88.4,9.51
30,3/22/2023,AM,12,89.5,9.63
1,3/22/2023,PM,19.1,105.7,9.76
2,3/22/2023,PM,18.9,116.4,10.81
3,3/22/2023,PM,18.9,100.2,9.29
4,3/22/2023,PM,18.8,111.4,10.35
5,3/22/2023,PM,18.9,123.9,11.55
6,3/22/2023,PM,18.6,110.7,10.31
7,3/22/2023,PM,18.4,113.7,10.67
8,3/22/2023,PM,18.2,108.2,10.18
9,3/22/2023,PM,18.3,107.5,10.13
10,3/22/2023,PM,18,99.1,9.33
11,3/22/2023,PM,18.3,111.9,10.52
12,3/22/2023,PM,18.3,106.5,10
13,3/22/2023,PM,18.1,111.2,10.57
14,3/22/2023,PM,18.1,110.6,10.44
15,3/22/2023,PM,18.1,118.2,11.15
16,3/22/2023,PM,18.4,118.5,11.16
17,3/22/2023,PM,18.3,117.7,11.02
18,3/22/2023,PM,18.1,112.2,10.57
19,3/22/2023,PM,18.2,123.8,11.66
20,3/22/2023,PM,18.4,115.6,10.84
21,3/22/2023,PM,18.3,112.8,10.65
22,3/22/2023,PM,18.2,111.5,10.5
23,3/22/2023,PM,18.2,114.3,10.75
24,3/22/2023,PM,18.2,114.4,10.83
25,3/22/2023,PM,18.3,121.1,11.41
26,3/22/2023,PM,18.8,109.3,10.19
27,3/22/2023,PM,18.8,116.8,10.88
28,3/22/2023,PM,18.8,104,9.64
29,3/22/2023,PM,18.8,110.5,10.27
30,3/22/2023,PM,18.9,111.3,10.33
1,3/23/2023,AM,13.8,87.6,9.05
2,3/23/2023,AM,13.7,96.5,10
3,3/23/2023,AM,13.7,80.3,8.33
4,3/23/2023,AM,13.6,91.1,9.44
5,3/23/2023,AM,13.6,99.2,10.31
6,3/23/2023,AM,13.7,93.3,9.65
7,3/23/2023,AM,13.7,94.9,9.83
8,3/23/2023,AM,13.6,89.9,9.34
9,3/23/2023,AM,13.7,89.7,9.3
10,3/23/2023,AM,13.4,78.6,8.22
11,3/23/2023,AM,13.6,94.7,9.85
12,3/23/2023,AM,13.8,86.9,8.97
13,3/23/2023,AM,13.6,92.8,9.66
14,3/23/2023,AM,13.6,92.8,9.63
15,3/23/2023,AM,13.4,96.7,10.05
16,3/23/2023,AM,13.7,99.6,10.31
17,3/23/2023,AM,13.7,99.6,10.3
18,3/23/2023,AM,13.7,94.9,9.83
19,3/23/2023,AM,13.7,100.3,10.35
20,3/23/2023,AM,13.7,94.3,9.78
21,3/23/2023,AM,13.6,94.2,9.77
22,3/23/2023,AM,13.7,92,9.51
23,3/23/2023,AM,13.8,96.4,9.98
24,3/23/2023,AM,13.6,97.6,10.12
25,3/23/2023,AM,13.6,99.4,10.31
26,3/23/2023,AM,13.7,90.1,9.33
27,3/23/2023,AM,13.7,95,9.83
28,3/23/2023,AM,13.8,82.8,5.55
29,3/23/2023,AM,13.8,92.5,9.55
30,3/23/2023,AM,13.8,93.2,9.65
1,3/23/2023,PM,,101.6,9.65
2,3/23/2023,PM,,113.5,10.95
3,3/23/2023,PM,,93.9,8.95
4,3/23/2023,PM,,110.3,10.57
5,3/23/2023,PM,,123.2,11.79
6,3/23/2023,PM,,109.4,10.46
7,3/23/2023,PM,,114.6,10.98
8,3/23/2023,PM,,106.1,10.21
9,3/23/2023,PM,,104.7,10.14
10,3/23/2023,PM,,92.5,8.93
11,3/23/2023,PM,,114.3,10.91
12,3/23/2023,PM,,103.2,9.89
13,3/23/2023,PM,,110,10.67
14,3/23/2023,PM,,108.4,10.47
15,3/23/2023,PM,,118,11.4
16,3/23/2023,PM,,120,11.55
17,3/23/2023,PM,,118.2,11.37
18,3/23/2023,PM,,110.4,10.63
19,3/23/2023,PM,,125,12.05
20,3/23/2023,PM,,115.6,11.07
21,3/23/2023,PM,,115,11.05
22,3/23/2023,PM,,109.8,10.59
23,3/23/2023,PM,,112.3,10.84
24,3/23/2023,PM,,112.7,10.89
25,3/23/2023,PM,,122.5,11.79
26,3/23/2023,PM,,107,10.17
27,3/23/2023,PM,,114.3,10.94
28,3/23/2023,PM,,99.3,9.48
29,3/23/2023,PM,,109.1,10.47
30,3/23/2023,PM,,108.2,10.35
1,3/24/2023,AM,,90.3,9.54
2,3/24/2023,AM,,98.8,10.53
3,3/24/2023,AM,,80,8.48
4,3/24/2023,AM,,92.9,9.86
5,3/24/2023,AM,,101.9,10.9
6,3/24/2023,AM,,94.2,9.99
7,3/24/2023,AM,,97.1,10.25
8,3/24/2023,AM,,90.5,9.58
9,3/24/2023,AM,,89.2,9.49
10,3/24/2023,AM,,78.4,8.27
11,3/24/2023,AM,,98,10.41
12,3/24/2023,AM,,86.7,9.15
13,3/24/2023,AM,,93.5,9.9
14,3/24/2023,AM,,93.6,9.94
15,3/24/2023,AM,,99.2,10.6
16,3/24/2023,AM,,101.6,10.77
17,3/24/2023,AM,,101.4,10.73
18,3/24/2023,AM,,95.3,10.08
19,3/24/2023,AM,,102,10.82
20,3/24/2023,AM,,96.6,10.26
21,3/24/2023,AM,,96,10.16
22,3/24/2023,AM,,91.9,9.73
23,3/24/2023,AM,,96.4,10.19
24,3/24/2023,AM,,97.2,10.31
25,3/24/2023,AM,,100.4,10.69
26,3/24/2023,AM,,90.7,9.5
27,3/24/2023,AM,,95.9,10.17
28,3/24/2023,AM,,97.8,8.48
29,3/24/2023,AM,,91.8,9.75
30,3/24/2023,AM,,94,9.75
1,3/24/2023,PM,20.1,102.7,9.29
2,3/24/2023,PM,20,119.4,10.85
3,3/24/2023,PM,19.7,93.6,8.54
4,3/24/2023,PM,19.7,113.9,10.42
5,3/24/2023,PM,19.8,131.1,11.96
6,3/24/2023,PM,19.5,114.2,10.49
7,3/24/2023,PM,19.2,120.6,11.14
8,3/24/2023,PM,18.9,107.2,9.95
9,3/24/2023,PM,18.9,107.2,9.95
10,3/24/2023,PM,18.5,88.3,8.25
11,3/24/2023,PM,19.1,118.1,10.92
12,3/24/2023,PM,19.1,103.1,9.51
13,3/24/2023,PM,18.8,112,10.43
14,3/24/2023,PM,18.6,112.5,10.51
15,3/24/2023,PM,18.5,121.9,11.42
16,3/24/2023,PM,19.2,125.7,11.61
17,3/24/2023,PM,18.8,114.1,10.62
18,3/24/2023,PM,19.1,124.6,11.53
19,3/24/2023,PM,18.8,127.7,11.89
20,3/24/2023,PM,18.9,116.6,10.82
21,3/24/2023,PM,19.1,118.8,10.97
22,3/24/2023,PM,19.1,112.9,10.45
23,3/24/2023,PM,18.9,114,10.62
24,3/24/2023,PM,18.7,116.5,10.8
25,3/24/2023,PM,18.7,15.1,11.69
26,3/24/2023,PM,19.6,110.1,10.07
27,3/24/2023,PM,19.4,118.3,10.9
28,3/24/2023,PM,19.5,99.5,9.12
29,3/24/2023,PM,19.2,110.3,10.19
30,3/24/2023,PM,19.2,112.3,10.35
1,4/1/2023,AM,,85.2,9.1
2,4/1/2023,AM,,95.8,10.21
3,4/1/2023,AM,,68.1,7.25
4,4/1/2023,AM,,90.3,9.63
5,4/1/2023,AM,,99.1,10.56
6,4/1/2023,AM,,94.5,10.05
7,4/1/2023,AM,,98,10.44
8,4/1/2023,AM,,83.1,8.83
9,4/1/2023,AM,,85.1,9.04
10,4/1/2023,AM,,69.1,7.42
11,4/1/2023,AM,,97.7,10.47
12,4/1/2023,AM,,76.1,8.07
13,4/1/2023,AM,,92.2,9.82
14,4/1/2023,AM,,89.1,9.51
15,4/1/2023,AM,,100,10.65
16,4/1/2023,AM,,100.3,10.85
17,4/1/2023,AM,,102.5,10.9
18,4/1/2023,AM,,93.5,9.96
19,4/1/2023,AM,,100.8,10.78
20,4/1/2023,AM,,95.2,10.2
21,4/1/2023,AM,,98.9,10.61
22,4/1/2023,AM,,83,8.93
23,4/1/2023,AM,,94.4,10.14
24,4/1/2023,AM,,96.6,10.36
25,4/1/2023,AM,,96.4,10.31
26,4/1/2023,AM,,86.7,9.3
27,4/1/2023,AM,,93.5,10.57
28,4/1/2023,AM,,72.9,7.79
29,4/1/2023,AM,,86.6,9.26
30,4/1/2023,AM,,87.8,9.41
1,4/1/2023,PM,,98.2,8.71
2,4/1/2023,PM,,114.2,10.23
3,4/1/2023,PM,,77,6.87
4,4/1/2023,PM,,107.9,9.79
5,4/1/2023,PM,,125.3,11.29
6,4/1/2023,PM,,112.5,10.18
7,4/1/2023,PM,,118.6,10.89
8,4/1/2023,PM,,97.3,8.85
9,4/1/2023,PM,,102.1,9.33
10,4/1/2023,PM,,78.2,7.15
11,4/1/2023,PM,,116.5,10.78
12,4/1/2023,PM,,92.6,8.4
13,4/1/2023,PM,,107.2,9.79
14,4/1/2023,PM,,106,9.64
15,4/1/2023,PM,,120.6,11.25
16,4/1/2023,PM,,124.2,11.27
17,4/1/2023,PM,,124,13.3
18,4/1/2023,PM,,111.6,10.23
19,4/1/2023,PM,,126.1,11.62
20,4/1/2023,PM,,114.8,10.56
21,4/1/2023,PM,,116.2,10.69
22,4/1/2023,PM,,93.5,8.51
23,4/1/2023,PM,,95.2,10.1
24,4/1/2023,PM,,101.2,9.21
25,4/1/2023,PM,,114.8,10.57
26,4/1/2023,PM,,102.8,9.32
27,4/1/2023,PM,,121.7,11.07
28,4/1/2023,PM,,90.4,8.19
29,4/1/2023,PM,,99.6,9.05
30,4/1/2023,PM,,103,9.38
1,4/2/2023,AM,13.8,84.5,8.74
2,4/2/2023,AM,13.8,94.9,9.8
3,4/2/2023,AM,13.8,63.3,6.55
4,4/2/2023,AM,13.6,89.1,9.23
5,4/2/2023,AM,13.8,97.5,10.08
6,4/2/2023,AM,13.7,94.2,9.65
7,4/2/2023,AM,13.8,98.2,10.16
8,4/2/2023,AM,13.8,78.8,8.14
9,4/2/2023,AM,13.8,84.2,8.7
10,4/2/2023,AM,13.4,66.5,6.91
11,4/2/2023,AM,13.6,98.2,10.21
12,4/2/2023,AM,13.9,72.2,7.44
13,4/2/2023,AM,13.8,91.9,9.5
14,4/2/2023,AM,13.8,88.3,9.13
15,4/2/2023,AM,13.4,98.6,10.26
16,4/2/2023,AM,13.7,101.5,10.51
17,4/2/2023,AM,13.9,103.3,10.65
18,4/2/2023,AM,13.9,93.6,9.65
19,4/2/2023,AM,13.8,100.3,10.37
20,4/2/2023,AM,13.7,94.2,9.76
21,4/2/2023,AM,13.6,99.4,10.31
22,4/2/2023,AM,13.8,83.1,8.58
23,4/2/2023,AM,13.8,95.5,9.86
24,4/2/2023,AM,13.7,96.9,10.05
25,4/2/2023,AM,13.6,95,9.85
26,4/2/2023,AM,14.1,86.5,8.91
27,4/2/2023,AM,14,99.5,10.26
28,4/2/2023,AM,14.4,70.1,7.16
29,4/2/2023,AM,14.3,87.9,8.99
30,4/2/2023,AM,14.2,88.9,9.11
1,4/3/2023,AM,,84.3,8.43
2,4/3/2023,AM,,94,9.4
3,4/3/2023,AM,,63.2,6.33
4,4/3/2023,AM,,88,8.89
5,4/3/2023,AM,,99,10
6,4/3/2023,AM,,92.2,9.29
7,4/3/2023,AM,,97.5,9.8
8,4/3/2023,AM,,79.1,7.91
9,4/3/2023,AM,,83.7,8.47
10,4/3/2023,AM,,68.3,6.93
11,4/3/2023,AM,,97.5,9.82
12,4/3/2023,AM,,72.2,7.22
13,4/3/2023,AM,,91.6,9.22
14,4/3/2023,AM,,85.5,8.65
15,4/3/2023,AM,,97.6,9.91
16,4/3/2023,AM,,100.2,10.07
17,4/3/2023,AM,,101.6,10.19
18,4/3/2023,AM,,92.4,9.26
19,4/3/2023,AM,,100.4,10.1
20,4/3/2023,AM,,92.1,9.33
21,4/3/2023,AM,,98.1,9.86
22,4/3/2023,AM,,79.2,8
23,4/3/2023,AM,,92.9,9.34
24,4/3/2023,AM,,96.3,9.74
25,4/3/2023,AM,,93,9.4
26,4/3/2023,AM,,84.2,8.46
27,4/3/2023,AM,,97,9.77
28,4/3/2023,AM,,68.2,6.88
29,4/3/2023,AM,,85.7,8.63
30,4/3/2023,AM,,86.6,8.71
1,4/3/2023,PM,,91.7,8.47
2,4/3/2023,PM,,108.5,10.03
3,4/3/2023,PM,,71.7,6.67
4,4/3/2023,PM,,104.2,9.79
5,4/3/2023,PM,,125.9,11.74
6,4/3/2023,PM,,107.7,10.1
7,4/3/2023,PM,,116.4,10.94
8,4/3/2023,PM,,87,8.23
9,4/3/2023,PM,,99.3,9.44
10,4/3/2023,PM,,75.5,7.17
11,4/3/2023,PM,,113.4,10.66
12,4/3/2023,PM,,82.9,7.83
13,4/3/2023,PM,,106.7,10.1
14,4/3/2023,PM,,102,9.54
15,4/3/2023,PM,,116.4,11.13
16,4/3/2023,PM,,118.3,11.12
17,4/3/2023,PM,,120,11.29
18,4/3/2023,PM,,104.7,9.86
19,4/3/2023,PM,,123.5,11.75
20,4/3/2023,PM,,104.5,10.41
21,4/3/2023,PM,,120.4,11.33
22,4/3/2023,PM,,95.5,8.98
23,4/3/2023,PM,,112.1,10.59
24,4/3/2023,PM,,112.6,10.71
25,4/3/2023,PM,,111.8,10.66
26,4/3/2023,PM,,98.5,9.16
27,4/3/2023,PM,,119.8,11.28
28,4/3/2023,PM,,77.7,7.29
29,4/3/2023,PM,,101.5,9.59
30,4/3/2023,PM,,100.2,9.48
1,4/4/2023,AM,10.6,79.5,8.1
2,4/4/2023,AM,10.6,88.6,9.84
3,4/4/2023,AM,10.5,61.1,6.81
4,4/4/2023,AM,10.5,84.7,9.44
5,4/4/2023,AM,10.4,96.7,10.8
6,4/4/2023,AM,10.6,89.5,9.93
7,4/4/2023,AM,10.7,93.9,10.4
8,4/4/2023,AM,10.5,72.4,8.07
9,4/4/2023,AM,10.6,81.8,9.1
10,4/4/2023,AM,10.4,65.8,7.35
11,4/4/2023,AM,10.8,94.2,10.42
12,4/4/2023,AM,10.8,68.3,7.55
13,4/4/2023,AM,10.6,87.8,9.74
14,4/4/2023,AM,10.6,82.2,9.14
15,4/4/2023,AM,10.5,95.7,10.66
16,4/4/2023,AM,11,97.3,10.72
17,4/4/2023,AM,10.9,98.4,10.86
18,4/4/2023,AM,10.9,87.6,9.67
19,4/4/2023,AM,10.7,98.7,10.93
20,4/4/2023,AM,10.5,89.3,9.94
21,4/4/2023,AM,10.7,95.6,10.6
22,4/4/2023,AM,10.8,76.7,8.48
23,4/4/2023,AM,10.8,19.7,10.04
24,4/4/2023,AM,10.5,92.9,10.34
25,4/4/2023,AM,10.4,89.8,10.01
26,4/4/2023,AM,10.5,81.2,9.02
27,4/4/2023,AM,10.5,95.1,10.55
28,4/4/2023,AM,10.5,64,7.12
29,4/4/2023,AM,10.4,82.9,9.27
30,4/4/2023,AM,10.3,82.4,9.2
1,4/4/2023,PM,,95,8.91
2,4/4/2023,PM,,108.2,10.16
3,4/4/2023,PM,,73.8,6.96
4,4/4/2023,PM,,104.5,9.93
5,4/4/2023,PM,,122.7,11.64
6,4/4/2023,PM,,108.1,10.3
7,4/4/2023,PM,,115.2,11.05
8,4/4/2023,PM,,89.2,8.53
9,4/4/2023,PM,,100.5,9.69
10,4/4/2023,PM,,78.7,7.6
11,4/4/2023,PM,,110.8,10.71
12,4/4/2023,PM,,84,8.02
13,4/4/2023,PM,,106.2,10.25
14,4/4/2023,PM,,99.6,9.64
15,4/4/2023,PM,,117.1,11.32
16,4/4/2023,PM,,111.3,10.82
17,4/4/2023,PM,,116.9,11.2
18,4/4/2023,PM,,104,9.98
19,4/4/2023,PM,,119.7,11.53
20,4/4/2023,PM,,108.2,10.39
21,4/4/2023,PM,,115.4,11.05
22,4/4/2023,PM,,94.8,9.03
23,4/4/2023,PM,,106.9,10.34
24,4/4/2023,PM,,110.6,10.69
25,4/4/2023,PM,,110.2,10.61
26,4/4/2023,PM,,99.9,9.36
27,4/4/2023,PM,,117.1,11.09
28,4/4/2023,PM,,80.2,7.53
29,4/4/2023,PM,,100.3,8.58
30,4/4/2023,PM,,99.1,9.4
1,4/11/2023,AM,16.5,84.3,8.21
2,4/11/2023,AM,16.6,88.9,8.69
3,4/11/2023,AM,16.4,66.1,6.47
4,4/11/2023,AM,16.4,86.5,8.47
5,4/11/2023,AM,16.4,105.9,10.33
6,4/11/2023,AM,16.6,95.3,9.29
7,4/11/2023,AM,16.5,100.3,9.77
8,4/11/2023,AM,16.4,62.6,6.11
9,4/11/2023,AM,16.3,91.2,8.93
10,4/11/2023,AM,16.3,73.7,7.37
11,4/11/2023,AM,16.6,100.1,9.77
12,4/11/2023,AM,16.6,73.3,7.12
13,4/11/2023,AM,16.5,93.1,9.09
14,4/11/2023,AM,16.4,80.2,7.83
15,4/11/2023,AM,16.3,93.9,9.2
16,4/11/2023,AM,16.7,103.1,10.01
17,4/11/2023,AM,16.7,103.8,10.07
18,4/11/2023,AM,16.6,89.7,8.75
19,4/11/2023,AM,16.5,102.1,9.95
20,4/11/2023,AM,16.3,91.2,8.9
21,4/11/2023,AM,16.7,102.9,9.99
22,4/11/2023,AM,16.7,75.6,7.34
23,4/11/2023,AM,16.6,96.4,9.37
24,4/11/2023,AM,16.4,96.1,9.37
25,4/11/2023,AM,16.3,91.7,8.99
26,4/11/2023,AM,16.7,84.7,8.23
27,4/11/2023,AM,16.6,99.5,9.7
28,4/11/2023,AM,16.4,65.5,6.39
29,4/11/2023,AM,16.4,33.5,8.17
30,4/11/2023,AM,16.4,31.3,7.93
1,4/11/2023,PM,20.3,96.7,8.73
2,4/11/2023,PM,20.3,103.6,9.36
3,4/11/2023,PM,20.3,74.5,6.79
4,4/11/2023,PM,19.9,98.5,8.99
5,4/11/2023,PM,19.9,130.2,11.92
6,4/11/2023,PM,20,112.2,10.14
7,4/11/2023,PM,19.8,120.1,10.9
8,4/11/2023,PM,19.7,77.3,7
9,4/11/2023,PM,19.5,106.7,9.82
10,4/11/2023,PM,19.4,82.5,7.58
11,4/11/2023,PM,20.1,114.5,10.46
12,4/11/2023,PM,20,93.5,8.45
13,4/11/2023,PM,19.8,110.2,10.02
14,4/11/2023,PM,19.6,94.6,8.64
15,4/11/2023,PM,19.6,108.1,9.9
16,4/11/2023,PM,20.1,116.8,10.65
17,4/11/2023,PM,20,121.4,11.03
18,4/11/2023,PM,19.8,104.4,9.5
19,4/11/2023,PM,19.7,123.1,11.29
20,4/11/2023,PM,19.6,103.5,9.45
21,4/11/2023,PM,20.3,124.9,11.33
22,4/11/2023,PM,20,94.5,8.5
23,4/11/2023,PM,19.8,112.3,10.23
24,4/11/2023,PM,19.6,109.5,10
25,4/11/2023,PM,19.6,110,10.06
26,4/11/2023,PM,20.4,102.8,9.26
27,4/11/2023,PM,20.2,121.4,10.99
28,4/11/2023,PM,20,83.2,7.51
29,4/11/2023,PM,19.8,95.9,8.76
30,4/11/2023,PM,19.9,94.4,8.58
1,4/12/2023,AM,16,84.2,8.31
2,4/12/2023,AM,16.1,88.9,8.74
3,4/12/2023,AM,15.9,66,6.5
4,4/12/2023,AM,15.9,84.9,8.37
5,4/12/2023,AM,15.9,104.9,10.37
6,4/12/2023,AM,16,93.7,9.23
7,4/12/2023,AM,16,100.3,9.86
8,4/12/2023,AM,16,61,6
9,4/12/2023,AM,16,90.2,8.89
10,4/12/2023,AM,15.9,74,7.3
11,4/12/2023,AM,16.1,97.6,9.64
12,4/12/2023,AM,16.1,74,7.3
13,4/12/2023,AM,16.1,91.5,9.02
14,4/12/2023,AM,16,79,7.75
15,4/12/2023,AM,15.9,87.5,8.75
16,4/12/2023,AM,16.2,100.6,9.88
17,4/12/2023,AM,16.2,102.2,10.02
18,4/12/2023,AM,16.1,89.3,8.77
19,4/12/2023,AM,16.1,101.1,9.16
20,4/12/2023,AM,16,88.7,8.73
21,4/12/2023,AM,16.2,102.5,10.06
22,4/12/2023,AM,16.1,77.1,7.55
23,4/12/2023,AM,16.1,93.5,9.19
24,4/12/2023,AM,16,64.5,9.31
25,4/12/2023,AM,15.9,88,8.7
26,4/12/2023,AM,16.1,84.1,8.24
27,4/12/2023,AM,16.1,96.7,9.53
28,4/12/2023,AM,15.9,70.1,6.91
29,4/12/2023,AM,15.9,81.6,8.05
30,4/12/2023,AM,16,77.3,7.61
1,4/12/2023,PM,16,94.1,9.26
2,4/12/2023,PM,16,98.2,9.66
3,4/12/2023,PM,6,71.5,7.03
4,4/12/2023,PM,16.1,95.1,9.34
5,4/12/2023,PM,16.1,119.4,11.75
6,4/12/2023,PM,16,106.2,10.44
7,4/12/2023,PM,15.9,115.3,11.4
8,4/12/2023,PM,15.9,67,6.55
9,4/12/2023,PM,15.9,102.3,10.09
10,4/12/2023,PM,15.9,77.4,7.61
11,4/12/2023,PM,16,113.9,11.28
12,4/12/2023,PM,16,86.9,8.55
13,4/12/2023,PM,15.9,104.3,10.31
14,4/12/2023,PM,16,89.2,8.77
15,4/12/2023,PM,16,99.3,9.79
16,4/12/2023,PM,16,115.6,11.42
17,4/12/2023,PM,16,117.4,11.57
18,4/12/2023,PM,15.9,100,9.83
19,4/12/2023,PM,16,117,11.55
20,4/12/2023,PM,16,97.5,9.55
21,4/12/2023,PM,16,124.4,12.28
22,4/12/2023,PM,16,85.3,8.41
23,4/12/2023,PM,16,107.6,10.62
24,4/12/2023,PM,15.9,107.8,10.58
25,4/12/2023,PM,16,102.3,10.09
26,4/12/2023,PM,16,96.2,9.49
27,4/12/2023,PM,16,116,11.48
28,4/12/2023,PM,16,73.1,7.2
29,4/12/2023,PM,16,92.1,9.09
30,4/12/2023,PM,16.1,86.2,8.5
1,4/13/2023,AM,13.4,81.9,8.52
2,4/13/2023,AM,13.4,85.8,8.95
3,4/13/2023,AM,13.9,62,6.48
4,4/13/2023,AM,13.3,81.7,8.52
5,4/13/2023,AM,13.3,99.9,10.44
6,4/13/2023,AM,13.4,92.4,9.62
7,4/13/2023,AM,13.4,99.2,10.35
8,4/13/2023,AM,13.4,56.7,5.91
9,4/13/2023,AM,13.4,88.6,9.26
10,4/13/2023,AM,13.3,71,7.91
11,4/13/2023,AM,13.4,97.4,10.17
12,4/13/2023,AM,13.5,74.4,7.72
13,4/13/2023,AM,13.5,91.7,9.56
14,4/13/2023,AM,13.5,75.9,7.9
15,4/13/2023,AM,13.4,87.1,9.08
16,4/13/2023,AM,13.5,101,10.57
17,4/13/2023,AM,13.5,101.3,10.53
18,4/13/2023,AM,13.5,86.5,9
19,4/13/2023,AM,13.5,98.7,10.27
20,4/13/2023,AM,13.4,84.4,8.79
21,4/13/2023,AM,13.4,104,10.89
22,4/13/2023,AM,13.4,73.4,7.64
23,4/13/2023,AM,13.5,93.4,9.72
24,4/13/2023,AM,13.4,94.3,9.82
25,4/13/2023,AM,13.4,86,8.95
26,4/13/2023,AM,13.3,79.7,8.31
27,4/13/2023,AM,13.3,63,6.58
28,4/13/2023,AM,13.4,97.2,10.14
29,4/13/2023,AM,13.4,80.2,8.37
30,4/13/2023,AM,13.4,73,7.62
1,4/13/2023,PM,16.2,99,9.6
2,4/13/2023,PM,16.2,100.5,9.87
3,4/13/2023,PM,16.2,74.5,7.3
4,4/13/2023,PM,16.2,98.2,9.35
5,4/13/2023,PM,16.2,120.7,11.85
6,4/13/2023,PM,16,104,10.23
7,4/13/2023,PM,15.9,118.5,11.72
8,4/13/2023,PM,15.9,66.1,6.5
9,4/13/2023,PM,16,105.5,10.41
10,4/13/2023,PM,15.9,80.5,7.93
11,4/13/2023,PM,15.9,117.5,11.6
12,4/13/2023,PM,16,91.6,9.03
13,4/13/2023,PM,15.9,106.8,10.58
14,4/13/2023,PM,16,90,8.85
15,4/13/2023,PM,16,98.6,9.71
16,4/13/2023,PM,15.9,118.8,11.64
17,4/13/2023,PM,15.9,100,9.93
18,4/13/2023,PM,15.9,118.8,11.73
19,4/13/2023,PM,16,119.6,11.82
20,4/13/2023,PM,16,96.2,9.45
21,4/13/2023,PM,15.9,126.3,12.5
22,4/13/2023,PM,15.8,88.2,8.64
23,4/13/2023,PM,15.9,109.1,10.77
24,4/13/2023,PM,15.9,107.5,10.65
25,4/13/2023,PM,16,105.6,10.39
26,4/13/2023,PM,15.9,87.9,8.79
27,4/13/2023,PM,16.1,122.9,12.12
28,4/13/2023,PM,16.1,76,7.4
29,4/13/2023,PM,16.1,94.5,9.25
30,4/13/2023,PM,16.2,87.7,8.6
1,5/1/2023,AM,14.9,79.6,8.02
2,5/1/2023,AM,14.9,44.5,4.49
3,5/1/2023,AM,14.9,96.7,9.75
4,5/1/2023,AM,14.9,59.7,6.02
5,5/1/2023,AM,15,99.4,10
6,5/1/2023,AM,14.8,49.2,4.97
7,5/1/2023,AM,14.9,99.8,10.08
8,5/1/2023,AM,14.8,77.3,7.81
9,5/1/2023,AM,14.9,90.3,9.1
10,5/1/2023,AM,14.9,79.6,3.04
11,5/1/2023,AM,14.9,111.9,11.41
12,5/1/2023,AM,14.9,105.8,10.66
13,5/1/2023,AM,15,105.3,10.59
14,5/1/2023,AM,15,80.5,8.09
15,5/1/2023,AM,15,75.8,7.61
16,5/1/2023,AM,14.9,114.3,11.46
17,5/1/2023,AM,14.9,102.8,10.36
18,5/1/2023,AM,15,67.4,6.78
19,5/1/2023,AM,15,98.5,9.9
20,5/1/2023,AM,15,70.8,7.12
21,5/1/2023,AM,15.8,114.9,11.61
22,5/1/2023,AM,14.9,83,8.34
23,5/1/2023,AM,15,106.2,10.71
24,5/1/2023,AM,14.9,108.8,10.97
25,5/1/2023,AM,15,73.9,7.43
26,5/1/2023,AM,14.9,80.9,8.17
27,5/1/2023,AM,14.9,113.4,11.46
28,5/1/2023,AM,14.9,83.9,8.43
29,5/1/2023,AM,14.9,63.9,6.39
30,5/1/2023,AM,15.1,74,7.42
1,5/1/2023,PM,19.8,94.8,8.63
2,5/1/2023,PM,19.9,55.9,5.07
3,5/1/2023,PM,19.8,123.9,11.3
4,5/1/2023,PM,19.6,77.1,7.02
5,5/1/2023,PM,19.6,121.1,11.05
6,5/1/2023,PM,19.3,61.3,5.6
7,5/1/2023,PM,19.2,125.2,11.56
8,5/1/2023,PM,19.2,101.3,9.3
9,5/1/2023,PM,18.9,107.9,10.02
10,5/1/2023,PM,18.6,97.3,9.07
11,5/1/2023,PM,19.2,139.5,12.89
12,5/1/2023,PM,19,131,12.14
13,5/1/2023,PM,18.9,136.8,12.68
14,5/1/2023,PM,18.8,97.5,9.03
15,5/1/2023,PM,18.7,92.5,8.61
16,5/1/2023,PM,19,143.7,13.32
17,5/1/2023,PM,19,130.7,12.06
18,5/1/2023,PM,18.9,82.2,7.45
19,5/1/2023,PM,18.8,128.5,12.04
20,5/1/2023,PM,18.6,86.7,8.07
21,5/1/2023,PM,19,147.4,13.61
22,5/1/2023,PM,19,101,9.36
23,5/1/2023,PM,18.8,137.2,12.75
24,5/1/2023,PM,18.7,134.5,12.53
25,5/1/2023,PM,18.7,92.7,8.62
26,5/1/2023,PM,19.1,94.4,8.74
27,5/1/2023,PM,19,147.4,13.68
28,5/1/2023,PM,19.2,103.1,9.51
29,5/1/2023,PM,19,77,7.11
30,5/1/2023,PM,19.1,86.8,8.02
1,5/2/2023,AM,15.1,80.4,8.07
2,5/2/2023,AM,15.1,45.2,4.54
3,5/2/2023,AM,15,101.4,10.2
4,5/2/2023,AM,14.8,0.62,6.23
5,5/2/2023,AM,14.9,98.6,9.89
6,5/2/2023,AM,14.9,49.5,4.97
7,5/2/2023,AM,14.9,99.3,10.08
8,5/2/2023,AM,14.8,82.8,8.36
9,5/2/2023,AM,14.7,89.4,9.04
10,5/2/2023,AM,14.6,80.9,8.2
11,5/2/2023,AM,14.9,111.7,11.22
12,5/2/2023,AM,14.8,106.5,10.75
13,5/2/2023,AM,14.9,108.5,10.95
14,5/2/2023,AM,14.8,80.7,8.12
15,5/2/2023,AM,14.7,74.8,7.56
16,5/2/2023,AM,14.9,118.7,11.88
17,5/2/2023,AM,15,105.6,10.67
18,5/2/2023,AM,15,65.6,6.58
19,5/2/2023,AM,14.9,104.8,10.61
20,5/2/2023,AM,14.8,74.5,7.48
21,5/2/2023,AM,14.9,119.4,12.09
22,5/2/2023,AM,15,86.7,8.7
23,5/2/2023,AM,15,111.7,11.3
24,5/2/2023,AM,14.9,111.1,11.24
25,5/2/2023,AM,14.9,77,7.73
26,5/2/2023,AM,15.1,81.7,8.18
27,5/2/2023,AM,15.1,117.4,11.75
28,5/2/2023,AM,15.4,87.5,8.71
29,5/2/2023,AM,15.3,66,6.6
30,5/2/2023,AM,15.5,76.5,7.62
1,5/2/2023,PM,22.5,93.4,8.12
2,5/2/2023,PM,22.3,54.2,4.71
3,5/2/2023,PM,22.1,132.8,11.56
4,5/2/2023,PM,21.6,80.2,7.04
5,5/2/2023,PM,21.9,121.4,10.65
6,5/2/2023,PM,21.8,55.7,4.88
7,5/2/2023,PM,21.3,121.6,11.64
8,5/2/2023,PM,21.1,108.2,9.61
9,5/2/2023,PM,20.6,106.6,9.57
10,5/2/2023,PM,20.4,99.3,8.93
11,5/2/2023,PM,21.7,143.2,13.5
12,5/2/2023,PM,21.1,133.5,11.86
13,5/2/2023,PM,20.9,140.4,12.56
14,5/2/2023,PM,20.5,96.3,8.64
15,5/2/2023,PM,20.5,90.3,8.11
16,5/2/2023,PM,21.5,143.7,12.73
17,5/2/2023,PM,21.2,134.5,11.97
18,5/2/2023,PM,20.8,76.5,6.82
19,5/2/2023,PM,20.6,133.3,11.96
20,5/2/2023,PM,20.5,87,7.78
21,5/2/2023,PM,21.7,149.6,13.17
22,5/2/2023,PM,21.1,107.5,9.53
23,5/2/2023,PM,20.8,144.4,12.89
24,5/2/2023,PM,20.5,138.1,12.42
25,5/2/2023,PM,21.9,96.6,8.45
26,5/2/2023,PM,20.7,93.2,8.35
27,5/2/2023,PM,21.5,152.7,13.51
28,5/2/2023,PM,21.5,108.5,9.58
29,5/2/2023,PM,21.1,79.5,7.06
30,5/2/2023,PM,21.5,91.4,8.04
1,5/3/2023,AM,16,74.3,7.32
2,5/3/2023,AM,15.9,44.4,4.38
3,5/3/2023,AM,15.9,104.4,10.27
4,5/3/2023,AM,15.6,64.3,6.38
5,5/3/2023,AM,NA,91.1,9
6,5/3/2023,AM,15.8,49.5,4.84
7,5/3/2023,AM,15.8,98.3,9.73
8,5/3/2023,AM,15.6,84.8,8.42
9,5/3/2023,AM,15.5,86.9,8.66
10,5/3/2023,AM,15.3,76.9,7.68
11,5/3/2023,AM,15.9,107.9,10.68
12,5/3/2023,AM,15.7,105.2,10.43
13,5/3/2023,AM,15.7,108.3,10.73
14,5/3/2023,AM,15.6,79.8,7.21
15,5/3/2023,AM,15.4,72.1,7.17
16,5/3/2023,AM,15.9,112.3,11.09
17,5/3/2023,AM,15.9,103.8,10.2
18,5/3/2023,AM,15.8,61.3,6.05
19,5/3/2023,AM,15.6,102.6,10.21
20,5/3/2023,AM,15.4,70.1,6.99
21,5/3/2023,AM,15.9,114.4,11.25
22,5/3/2023,AM,15.8,86.2,8.5
23,5/3/2023,AM,15.7,110.9,10.95
24,5/3/2023,AM,15.5,108,10.75
25,5/3/2023,AM,15.5,74.1,7.37
26,5/3/2023,AM,16,78.1,7.7
27,5/3/2023,AM,15.8,113.8,11.27
28,5/3/2023,AM,15.7,85.4,8.45
29,5/3/2023,AM,15.6,64.2,6.37
30,5/3/2023,AM,15.7,72.8,7.2
1,5/3/2023,PM,21.6,89.4,7.85
2,5/3/2023,PM,21.5,51.8,4.57
3,5/3/2023,PM,21.3,133.5,11.83
4,5/3/2023,PM,21,83.1,7.35
5,5/3/2023,PM,20.4,115.6,10.3
6,5/3/2023,PM,21.1,56,4.95
7,5/3/2023,PM,20.8,125.6,11.36
8,5/3/2023,PM,20.6,111.7,10
9,5/3/2023,PM,20.2,102.7,9.27
10,5/3/2023,PM,19.9,97.5,8.87
11,5/3/2023,PM,21,133.5,11.97
12,5/3/2023,PM,20.5,126.3,11.22
13,5/3/2023,PM,20.4,139.4,12.41
14,5/3/2023,PM,20.1,92.1,8.33
15,5/3/2023,PM,19.9,83.7,7.06
16,5/3/2023,PM,20.7,141,12.64
17,5/3/2023,PM,20.6,133.3,11.97
18,5/3/2023,PM,20.3,68.6,6.16
19,5/3/2023,PM,20.1,128.7,11.67
20,5/3/2023,PM,19.9,85,7.07
21,5/3/2023,PM,20.8,140.7,12.66
22,5/3/2023,PM,20.5,104,9.33
23,5/3/2023,PM,20.2,140.1,12.7
24,5/3/2023,PM,20,135.9,12.33
25,5/3/2023,PM,20,94.7,8.51
26,5/3/2023,PM,20.9,91.9,8.19
27,5/3/2023,PM,20.5,142.5,12.91
28,5/3/2023,PM,20.6,110,9.77
29,5/3/2023,PM,20.3,80.1,7.15
30,5/3/2023,PM,20.4,86.5,7.77
1,5/21/2023,AM,17.8,80.3,7.6
2,5/21/2023,AM,17.8,101,9.58
3,5/21/2023,AM,17.7,94.8,9.47
4,5/21/2023,AM,17.6,66.9,6.36
5,5/21/2023,AM,17.5,53.4,5.1
6,5/21/2023,AM,17.8,67.6,6.42
7,5/21/2023,AM,17.7,105,9.99
8,5/21/2023,AM,17.6,107.6,10.3
9,5/21/2023,AM,17.5,69.2,6.61
10,5/21/2023,AM,117.5,74.8,7.12
11,5/21/2023,AM,17.8,110.7,10.49
12,5/21/2023,AM,17.7,90.2,8.54
13,5/21/2023,AM,17.6,128.8,12.26
14,5/21/2023,AM,17.5,83.1,7.92
15,5/21/2023,AM,17.5,73.3,7
16,5/21/2023,AM,17.8,54.3,5.16
17,5/21/2023,AM,17.7,108.1,10.27
18,5/21/2023,AM,17.7,71.7,6.8
19,5/21/2023,AM,17.6,119.5,11.42
20,5/21/2023,AM,17.5,82.8,7.89
21,5/21/2023,AM,17.7,129.3,12.29
22,5/21/2023,AM,17.8,96.3,9.14
23,5/21/2023,AM,17.7,120.8,11.48
24,5/21/2023,AM,17.6,108.1,10.27
25,5/21/2023,AM,17.6,79.7,7.6
26,5/21/2023,AM,17.9,74.6,7.05
27,5/21/2023,AM,17.8,117.9,11.18
28,5/21/2023,AM,17.8,110.2,10.45
29,5/21/2023,AM,17.7,88.3,8.4
30,5/21/2023,AM,17.7,83.3,7.91
1,5/21/2023,PM,21.9,98,8.7
2,5/21/2023,PM,21.7,136.5,12.04
3,5/21/2023,PM,21.5,128.9,11.3
4,5/21/2023,PM,21.4,83.8,7.48
5,5/21/2023,PM,21.3,66.5,5.81
6,5/21/2023,PM,21.7,81.4,7.13
7,5/21/2023,PM,21.3,140.7,12.49
8,5/21/2023,PM,21.3,129.6,11.43
9,5/21/2023,PM,21.1,90.4,7.9
10,5/21/2023,PM,21,91.4,8.12
11,5/21/2023,PM,21.5,140.5,12.46
12,5/21/2023,PM,21.5,113.6,10
13,5/21/2023,PM,21.2,183.3,16.2
14,5/21/2023,PM,21.1,99,8.77
15,5/21/2023,PM,21.1,87.6,7.77
16,5/21/2023,PM,21.4,71,6.25
17,5/21/2023,PM,21.4,131.31,11.62
18,5/21/2023,PM,21.3,95.5,8.42
19,5/21/2023,PM,21.1,154.5,13.76
20,5/21/2023,PM,21,103.2,11.3
21,5/21/2023,PM,21.4,170.3,15.08
22,5/21/2023,PM,21.3,12.5,10.7
23,5/21/2023,PM,21.2,150.7,13.35
24,5/21/2023,PM,21.1,132.3,11.71
25,5/21/2023,PM,21.2,99.1,8.74
26,5/21/2023,PM,21.7,86.9,7.63
27,5/21/2023,PM,21.5,150.4,13.3
28,5/21/2023,PM,21.6,133.7,11.76
29,5/21/2023,PM,21.4,115.8,10.2
30,5/21/2023,PM,21.5,105,9.22
1,5/22/2023,AM,18.1,99.1,9.36
2,5/22/2023,AM,18.1,135.3,12.78
3,5/22/2023,AM,17.9,115.8,10.94
4,5/22/2023,AM,17.9,80.4,7.6
5,5/22/2023,AM,17.9,59,5.58
6,5/22/2023,AM,18,77.7,7.34
7,5/22/2023,AM,17.9,143.4,13.58
8,5/22/2023,AM,17.8,111.6,10.6
9,5/22/2023,AM,17.7,82,7.78
10,5/22/2023,AM,17.7,83,7.89
11,5/22/2023,AM,18.3,108.1,10.16
12,5/22/2023,AM,18.4,90.6,8.48
13,5/22/2023,AM,18.3,131,12.26
14,5/22/2023,AM,18.2,80.7,7.58
15,5/22/2023,AM,18.1,74,6.96
16,5/22/2023,AM,18.3,58.4,5.47
17,5/22/2023,AM,18.3,104.5,9.82
18,5/22/2023,AM,18.3,75,7.18
19,5/22/2023,AM,18.3,117.4,11.09
20,5/22/2023,AM,18.1,83.2,7.82
21,5/22/2023,AM,18.2,125.9,11.87
22,5/22/2023,AM,18.4,92.8,8.72
23,5/22/2023,AM,18.3,117.5,11.04
24,5/22/2023,AM,18.2,103.1,9.69
25,5/22/2023,AM,18.2,80.5,7.53
26,5/22/2023,AM,18.4,74.7,6.96
27,5/22/2023,AM,18.4,112.9,10.61
28,5/22/2023,AM,18.4,107.2,10.05
29,5/22/2023,AM,18.2,91.3,8.57
30,5/22/2023,AM,18.4,86.1,8.06
1,5/22/2023,PM,19.8,98.1,8.94
2,5/22/2023,PM,19.7,133.7,12.22
3,5/22/2023,PM,19.6,117.8,10.77
4,5/22/2023,PM,19.5,83.3,7.61
5,5/22/2023,PM,19.4,61,5.54
6,5/22/2023,PM,19.6,77.4,7.09
7,5/22/2023,PM,19.4,143.6,13.15
8,5/22/2023,PM,19.4,119.4,10.95
9,5/22/2023,PM,19.2,80.1,7.37
10,5/22/2023,PM,19.2,86,7.93
11,5/22/2023,PM,19.5,150.5,13.8
12,5/22/2023,PM,19.5,105.2,9.62
13,5/22/2023,PM,19.4,181.8,16.72
14,5/22/2023,PM,19.2,87.7,8.07
15,5/22/2023,PM,19.2,83.7,7.73
16,5/22/2023,PM,19.4,69.2,6.35
17,5/22/2023,PM,19.4,131,12.09
18,5/22/2023,PM,19.3,88,8.08
19,5/22/2023,PM,19.3,159.4,15.67
20,5/22/2023,PM,19.2,95.2,8.78
21,5/22/2023,PM,19.4,167.5,15.4
22,5/22/2023,PM,19.4,112.5,10.3
23,5/22/2023,PM,19.3,149.5,13.75
24,5/22/2023,PM,19.2,122.6,11.29
25,5/22/2023,PM,19.3,87.6,8.04
26,5/22/2023,PM,19.5,84.8,7.76
27,5/22/2023,PM,19.6,154,14.12
28,5/22/2023,PM,19.6,129.6,11.86
29,5/22/2023,PM,19.4,122.1,10.31
30,5/22/2023,PM,19.5,103,9.43
1,5/23/2023,PM,18.1,99.1,9.36
2,5/23/2023,PM,18.1,135.3,12.78
3,5/23/2023,PM,17.9,115.8,10.94
4,5/23/2023,PM,17.9,80.4,7.6
5,5/23/2023,PM,17.9,59,5.58
6,5/23/2023,PM,18,77.7,7.34
7,5/23/2023,PM,17.9,143.4,13.58
8,5/23/2023,PM,17.8,111.6,10.6
9,5/23/2023,PM,17.7,82,7.78
10,5/23/2023,PM,17.7,83,7.89
11,5/23/2023,PM,179,154.9,14.71
12,5/23/2023,PM,17.8,101.5,9.6
13,5/23/2023,PM,17.8,176.9,16.89
14,5/23/2023,PM,17.7,86.3,8.2
15,5/23/2023,PM,17.7,71.7,7.58
16,5/23/2023,PM,17.8,71,6.74
17,5/23/2023,PM,17.8,126.3,12.01
18,5/23/2023,PM,17.8,87.6,8.29
19,5/23/2023,PM,17.7,147,13.94
20,5/23/2023,PM,17.7,93,8.84
21,5/23/2023,PM,17.7,159.9,15.23
22,5/23/2023,PM,17.8,108.8,10.3
23,5/23/2023,PM,17.8,149.8,14.2
24,5/23/2023,PM,17.6,120.4,11.44
25,5/23/2023,PM,17.7,84,7.98
26,5/23/2023,PM,17.9,86.6,8.17
27,5/23/2023,PM,17.9,157.1,14.78
28,5/23/2023,PM,17.9,126.5,11.98
29,5/23/2023,PM,17.8,109.5,10.4
30,5/23/2023,PM,17.9,99.6,9.43
1,6/11/2023,AM,17.7,95,9.02
2,6/11/2023,AM,17.6,98,9.32
3,6/11/2023,AM,17.6,97.2,9.25
4,6/11/2023,AM,17.5,92.9,8.86
5,6/11/2023,AM,17.5,97.7,5.48
6,6/11/2023,AM,17.6,93.5,8.96
7,6/11/2023,AM,17.6,65,6.18
8,6/11/2023,AM,17.5,79.1,7.55
9,6/11/2023,AM,17.4,79,7.54
10,6/11/2023,AM,17.4,75.1,7.17
11,6/11/2023,AM,17.7,46.4,4.41
12,6/11/2023,AM,17.6,70.5,6.74
13,6/11/2023,AM,17.6,100.5,9.62
14,6/11/2023,AM,17.5,91.2,8.68
15,6/11/2023,AM,17.4,105,10.06
16,6/11/2023,AM,17.6,25.4,2.4
17,6/11/2023,AM,17.6,63.5,6.06
18,6/11/2023,AM,17.6,112.9,10.45
19,6/11/2023,AM,17.5,32.2,3.05
20,6/11/2023,AM,17.5,100.7,9.65
21,6/11/2023,AM,17.6,33.2,3.13
22,6/11/2023,AM,17.6,84.2,8.07
23,6/11/2023,AM,17.7,67.6,6.4
24,6/11/2023,AM,17.5,72,6.87
25,6/11/2023,AM,17.5,104.5,9.99
26,6/11/2023,AM,17.6,83.7,7.94
27,6/11/2023,AM,17.7,136.7,13.07
28,6/11/2023,AM,17.6,92.5,8.8
29,6/11/2023,AM,17.5,108.6,10.39
30,6/11/2023,AM,17.6,111.4,10.62
1,6/11/2023,PM,20.3,108.3,9.77
2,6/11/2023,PM,20.2,117.2,10.58
3,6/11/2023,PM,20.1,114.7,10.38
4,6/11/2023,PM,19.9,111,10.04
5,6/11/2023,PM,19.9,72.5,6.56
6,6/11/2023,PM,20,107.8,9.84
7,6/11/2023,PM,19.9,77.9,7.02
8,6/11/2023,PM,19.8,89.2,8.05
9,6/11/2023,PM,19.6,93,8.51
10,6/11/2023,PM,19.6,89.2,8.15
11,6/11/2023,PM,20,64.3,5.83
12,6/11/2023,PM,19.8,81.9,7.46
13,6/11/2023,PM,19.8,134.5,12.3
14,6/11/2023,PM,19.6,110.4,10.05
15,6/11/2023,PM,19.5,131.3,12.06
16,6/11/2023,PM,19.8,33.9,2.97
17,6/11/2023,PM,19.9,81.6,7.43
18,6/11/2023,PM,19.7,133.9,13.32
19,6/11/2023,PM,19.7,55.5,4.99
20,6/11/2023,PM,19.5,124.9,11.45
21,6/11/2023,PM,19.8,43.9,3.92
22,6/11/2023,PM,19.8,100.9,9.45
23,6/11/2023,PM,19.8,85.2,7.76
24,6/11/2023,PM,19.6,93.1,8.51
25,6/11/2023,PM,19.7,126.5,11.63
26,6/11/2023,PM,19.9,97.4,8.75
27,6/11/2023,PM,20,187.9,17.09
28,6/11/2023,PM,20,109.7,9.94
29,6/11/2023,PM,19.8,132.9,12.15
30,6/11/2023,PM,19.9,132.8,12.07
1,6/12/2023,AM,17.5,94.4,8.98
2,6/12/2023,AM,17.5,98.6,9.37
3,6/12/2023,AM,17.5,97.3,9.28
4,6/12/2023,AM,17.4,91.8,8.77
5,6/12/2023,AM,17.4,56.8,5.46
6,6/12/2023,AM,17.4,94.5,9.05
7,6/12/2023,AM,17.4,63.3,6.05
8,6/12/2023,AM,17.4,77.2,7.39
9,6/12/2023,AM,17.4,78.6,7.52
10,6/12/2023,AM,17.3,74.6,7.14
11,6/12/2023,AM,17.5,49.5,4.71
12,6/12/2023,AM,17.5,69.8,6.67
13,6/12/2023,AM,17.5,105.9,10.15
14,6/12/2023,AM,17.4,92.5,8.84
15,6/12/2023,AM,17.3,107.5,10.37
16,6/12/2023,AM,17.4,27.1,2.55
17,6/12/2023,AM,17.5,59.2,5.66
18,6/12/2023,AM,17.5,107.5,10.45
19,6/12/2023,AM,17.4,36.1,3.33
20,6/12/2023,AM,17.3,100.9,9.73
21,6/12/2023,AM,17.3,31.3,2.96
22,6/12/2023,AM,17.5,85.9,8.25
23,6/12/2023,AM,17.6,67,6.36
24,6/12/2023,AM,17.4,73.9,7.09
25,6/12/2023,AM,17.4,107.5,10.25
26,6/12/2023,AM,17.4,85.5,8.12
27,6/12/2023,AM,17.5,129.6,12.59
28,6/12/2023,AM,17.5,96.6,9.12
29,6/12/2023,AM,17.4,107.7,10.3
30,6/12/2023,AM,17.5,110.2,10.52
1,6/12/2023,PM,24.8,114.1,9.45
2,6/12/2023,PM,24.5,125,10.38
3,6/12/2023,PM,24.2,125.1,10.52
4,6/12/2023,PM,24.3,120.3,10.05
5,6/12/2023,PM,24.5,84.3,6.97
6,6/12/2023,PM,24.2,118.6,9.97
7,6/12/2023,PM,23.7,83.5,7.04
8,6/12/2023,PM,23.6,97.8,8.28
9,6/12/2023,PM,23.4,101.1,8.59
10,6/12/2023,PM,23.4,95.1,8.08
11,6/12/2023,PM,24.1,75.8,6.34
12,6/12/2023,PM,23.6,86,7.28
13,6/12/2023,PM,23.4,154.1,13.09
14,6/12/2023,PM,23.3,125.8,10.69
15,6/12/2023,PM,23.4,144,12.28
16,6/12/2023,PM,23.9,40.4,3.35
17,6/12/2023,PM,23.8,83.4,7.05
18,6/12/2023,PM,23.4,144.9,12.33
19,6/12/2023,PM,23.3,48.8,4.15
20,6/12/2023,PM,23.3,136.3,11.64
21,6/12/2023,PM,24,48.7,4.06
22,6/12/2023,PM,23.6,117.4,9.96
23,6/12/2023,PM,23.5,100.8,8.52
24,6/12/2023,PM,23.2,105.7,8.99
25,6/12/2023,PM,23.4,139.5,11.86
26,6/12/2023,PM,24.1,102.6,8.59
27,6/12/2023,PM,23.8,226,19.19
28,6/12/2023,PM,24,123.5,10.34
29,6/12/2023,PM,23.7,138.7,11.72
30,6/12/2023,PM,23.9,141.8,11.96
1,6/13/2023,AM,19.3,91.4,8.38
2,6/13/2023,AM,19.3,94.8,8.74
3,6/13/2023,AM,19.2,97.8,9.01
4,6/13/2023,AM,19.2,94.1,8.66
5,6/13/2023,AM,19.1,60.5,5.62
6,6/13/2023,AM,19.3,93.5,8.59
7,6/13/2023,AM,19.2,71.3,6.53
8,6/13/2023,AM,19,78.2,7.24
9,6/13/2023,AM,19,79.6,7.37
10,6/13/2023,AM,18.9,75.5,6.98
11,6/13/2023,AM,19.4,54.3,4.96
12,6/13/2023,AM,19.2,68,6.25
13,6/13/2023,AM,19.1,113.5,10.42
14,6/13/2023,AM,19,98.7,9.13
15,6/13/2023,AM,18.9,110.6,10.27
16,6/13/2023,AM,19.3,27.9,2.43
17,6/13/2023,AM,19.2,56.7,5.22
18,6/13/2023,AM,19.1,113.5,10.56
19,6/13/2023,AM,19.1,24.5,2.24
20,6/13/2023,AM,18.9,101.9,9.63
21,6/13/2023,AM,19.3,34.6,3.14
22,6/13/2023,AM,19.2,87.5,8.08
23,6/13/2023,AM,19.2,65.5,5.99
24,6/13/2023,AM,18.9,75,6.97
25,6/13/2023,AM,19,104.3,9.73
26,6/13/2023,AM,19.3,79.1,7.28
27,6/13/2023,AM,19.1,150.2,13.93
28,6/13/2023,AM,19.2,93.3,8.59
29,6/13/2023,AM,19,105,9.72
30,6/13/2023,AM,19.1,110.5,10.22
1,6/13/2023,PM,23.2,111.3,9.47
2,6/13/2023,PM,22.8,119.6,10.28
3,6/13/2023,PM,22.5,121,10.45
4,6/13/2023,PM,22.7,114.6,9.86
5,6/13/2023,PM,23.3,78.3,6.52
6,6/13/2023,PM,22.4,113.9,9.87
7,6/13/2023,PM,22,83,7.22
8,6/13/2023,PM,21.8,90.6,7.95
9,6/13/2023,PM,21.7,96,8.41
10,6/13/2023,PM,21.9,93.8,8.2
11,6/13/2023,PM,22.4,85.5,7.4
12,6/13/2023,PM,21.9,82.5,7.21
13,6/13/2023,PM,21.7,154.6,13.44
14,6/13/2023,PM,21.6,127.8,11.21
15,6/13/2023,PM,21.7,143.4,12.55
16,6/13/2023,PM,22.2,43.1,3.72
17,6/13/2023,PM,21.9,72.7,6.36
18,6/13/2023,PM,21.7,145,12.72
19,6/13/2023,PM,21.6,46.7,4.09
20,6/13/2023,PM,21.7,132.7,11.7
21,6/13/2023,PM,22.3,52.2,4.48
22,6/13/2023,PM,21.8,109.6,9.61
23,6/13/2023,PM,21.7,94.7,8.28
24,6/13/2023,PM,21.6,101.6,8.95
25,6/13/2023,PM,21.9,131.4,11.53
26,6/13/2023,PM,22.3,97.4,8.44
27,6/13/2023,PM,22.1,209.2,18.2
28,6/13/2023,PM,22,118.1,10.27
29,6/13/2023,PM,21.9,129.8,11.35
30,6/13/2023,PM,22.1,133.1,11.57
